,Low_Cut (Hz),High_Cut (Hz)
0,3326.8798828125,6153.11279296875
1,6541.30859375,9443.505859375
